作品编号,类别
2022041494,大数据应用
2022004917,大数据应用
2022047827,大数据应用
2022001997,大数据应用
2022001183,大数据应用
2022023637,大数据应用
2022037137,大数据应用
2022014428,大数据应用
2022010356,大数据应用
2022006045,大数据应用
2022020817,大数据应用
2022044230,大数据应用
2022015562,大数据应用
2022017295,大数据应用
2022037574,大数据应用
2022033235,大数据应用
2022023948,大数据应用
2022014045,大数据应用
2022014186,大数据应用
2022007282,大数据应用
2022023212,大数据应用
2022037027,大数据应用
2022025202,大数据应用
2022039146,大数据应用
2022025886,大数据应用
2022007516,大数据应用
2022007815,大数据应用
2022004762,人工智能应用
2022023839,人工智能应用
2022004309,人工智能应用
2022045917,人工智能应用
2022015523,人工智能应用
2022004205,人工智能应用
2022025486,人工智能应用
2022004833,人工智能应用
2022006784,人工智能应用
2022023017,人工智能应用
2022021931,人工智能应用
2022007620,人工智能应用
2022016763,人工智能应用
2022005391,人工智能应用
2022010256,人工智能应用
2022009266,人工智能应用
2022033454,人工智能应用
2022018563,人工智能应用
2022007642,人工智能应用
2022042063,人工智能应用
2022009903,人工智能应用
2022006000,人工智能应用
2022037059,人工智能应用
2022004987,人工智能应用
2022037725,人工智能应用
2022022095,人工智能应用
2022040088,人工智能应用
2022007298,人工智能应用
2022013678,人工智能应用
2022007362,人工智能应用
2022001078,人工智能应用
2022042302,人工智能应用
2022025178,人工智能应用
2022015665,人工智能应用
2022005394,人工智能应用
2022008476,人工智能应用
2022000729,人工智能应用
2022014734,人工智能应用
2022015258,人工智能应用
2022022775,人工智能应用
2022047705,人工智能应用
2022047685,人工智能应用
2022006025,人工智能应用
2022018142,人工智能应用
2022011938,人工智能应用
2022041945,人工智能应用
2022029008,人工智能应用
2022039237,人工智能应用
2022010721,人工智能应用
2022037967,人工智能应用
2022021005,人工智能应用
2022012718,人工智能应用
2022031392,人工智能应用
2022006287,人工智能应用
2022007876,人工智能应用
2022014844,人工智能应用
2022016765,人工智能应用
2022035196,人工智能应用
2022039514,人工智能应用
2022010302,人工智能应用
2022014819,人工智能应用
2022035594,人工智能应用
2022019154,人工智能应用
2022041879,人工智能应用
2022006593,人工智能应用
2022020241,人工智能应用
2022006589,人工智能应用
2022012780,软件应用与开发
2022036379,软件应用与开发
2022036545,软件应用与开发
2022027256,软件应用与开发
2022005136,软件应用与开发
2022005797,软件应用与开发
2022036072,软件应用与开发
2022029550,软件应用与开发
2022017168,软件应用与开发
2022023915,软件应用与开发
2022024789,软件应用与开发
2022005409,软件应用与开发
2022005140,软件应用与开发
2022004994,软件应用与开发
2022015547,软件应用与开发
2022009949,软件应用与开发
2022037534,软件应用与开发
2022008744,软件应用与开发
2022029720,软件应用与开发
2022044107,软件应用与开发
2022033892,软件应用与开发
2022010358,软件应用与开发
2022006231,软件应用与开发
2022007958,软件应用与开发
2022035596,软件应用与开发
2022005114,软件应用与开发
2022035745,软件应用与开发
2022005295,软件应用与开发
2022044685,软件应用与开发
2022034055,软件应用与开发
2022033171,软件应用与开发
2022007442,软件应用与开发
2022022206,软件应用与开发
2022002221,软件应用与开发
2022039962,软件应用与开发
2022006385,软件应用与开发
2022013148,软件应用与开发
2022023056,软件应用与开发
2022026446,软件应用与开发
2022007383,软件应用与开发
2022043775,软件应用与开发
2022027922,软件应用与开发
2022008230,软件应用与开发
2022035307,软件应用与开发
2022023029,软件应用与开发
2022005829,软件应用与开发
2022040376,软件应用与开发
2022020783,软件应用与开发
2022027308,软件应用与开发
2022037399,软件应用与开发
2022022549,软件应用与开发
2022024141,软件应用与开发
2022040619,软件应用与开发
2022004897,软件应用与开发
2022024025,软件应用与开发
2022000451,软件应用与开发
2022009371,软件应用与开发
2022007287,软件应用与开发
2022005651,软件应用与开发
2022019934,软件应用与开发
2022009279,软件应用与开发
2022034653,软件应用与开发
2022009718,软件应用与开发
2022017677,软件应用与开发
2022005831,软件应用与开发
2022004273,软件应用与开发
2022029276,软件应用与开发
2022007782,软件应用与开发
2022036761,软件应用与开发
2022037058,软件应用与开发
2022003433,软件应用与开发
2022037211,软件应用与开发
2022038667,软件应用与开发
2022010279,软件应用与开发
2022026804,软件应用与开发
2022014421,软件应用与开发
2022019703,软件应用与开发
2022031996,软件应用与开发
2022001171,软件应用与开发
2022002585,软件应用与开发
2022033661,软件应用与开发
2022036707,软件应用与开发
2022007611,软件应用与开发
2022042839,软件应用与开发
2022007916,软件应用与开发
2022009071,软件应用与开发
2022012419,软件应用与开发
2022019735,软件应用与开发
2022042472,软件应用与开发
2022027559,软件应用与开发
2022038758,软件应用与开发
2022022072,软件应用与开发
2022043513,软件应用与开发
2022005504,软件应用与开发
2022013594,软件应用与开发
2022043083,软件应用与开发
2022013401,软件应用与开发
2022013628,软件应用与开发
2022041848,软件应用与开发
2022027400,软件应用与开发
2022035473,软件应用与开发
2022033956,软件应用与开发
2022007776,软件应用与开发
2022025189,软件应用与开发
2022013328,软件应用与开发
2022013706,软件应用与开发
2022017827,软件应用与开发
2022010298,软件应用与开发
2022027446,软件应用与开发
2022003448,软件应用与开发
2022011919,软件应用与开发
2022037489,软件应用与开发
2022013604,软件应用与开发
2022034464,软件应用与开发
2022014827,软件应用与开发
2022022720,软件应用与开发
2022043257,软件应用与开发
2022009357,软件应用与开发
2022011841,软件应用与开发
2022009076,软件应用与开发
2022040438,软件应用与开发
2022021848,软件应用与开发
2022008929,软件应用与开发
2022018520,软件应用与开发
2022023497,软件应用与开发
2022010041,软件应用与开发
2022012484,软件应用与开发
2022009411,软件应用与开发
2022040409,软件应用与开发
2022036892,软件应用与开发
2022036136,软件应用与开发
2022039074,软件应用与开发
2022044062,软件应用与开发
2022038044,数媒动漫与短片
2022045875,数媒动漫与短片
2022036804,数媒动漫与短片
2022012759,数媒动漫与短片
2022044502,数媒动漫与短片
2022029529,数媒动漫与短片
2022035732,数媒动漫与短片
2022037451,数媒动漫与短片
2022043739,数媒动漫与短片
2022033971,数媒动漫与短片
2022013586,数媒动漫与短片
2022014534,数媒动漫与短片
2022038271,数媒动漫与短片
2022030487,数媒动漫与短片
2022037370,数媒动漫与短片
2022032183,数媒动漫与短片
2022026457,数媒动漫与短片
2022038249,数媒动漫与短片
2022004742,数媒动漫与短片
2022040847,数媒动漫与短片
2022038060,数媒动漫与短片
2022037379,数媒动漫与短片
2022026547,数媒动漫与短片
2022037724,数媒动漫与短片
2022028950,数媒动漫与短片
2022011354,数媒动漫与短片
2022034456,数媒动漫与短片
2022043837,数媒动漫与短片
2022037376,数媒动漫与短片
2022041253,数媒动漫与短片
2022039011,数媒动漫与短片
2022037531,数媒动漫与短片
2022037390,数媒动漫与短片
2022011367,数媒动漫与短片
2022037638,数媒动漫与短片
2022038409,数媒动漫与短片
2022037455,数媒动漫与短片
2022038439,数媒动漫与短片
2022043866,数媒动漫与短片
2022008785,数媒动漫与短片
2022037385,数媒动漫与短片
2022035460,数媒动漫与短片
2022029522,数媒动漫与短片
2022043155,数媒动漫与短片
2022008937,数媒动漫与短片
2022036244,数媒动漫与短片
2022007940,数媒动漫与短片
2022004675,数媒动漫与短片
2022038451,数媒动漫与短片
2022038942,数媒动漫与短片
2022043005,数媒动漫与短片
2022037587,数媒动漫与短片
2022042784,数媒动漫与短片
2022044057,数媒动漫与短片
2022046190,数媒动漫与短片
2022038312,数媒动漫与短片
2022026125,数媒动漫与短片
2022031156,数媒动漫与短片
2022037283,数媒动漫与短片
2022041963,数媒动漫与短片
2022042771,数媒动漫与短片
2022037423,数媒动漫与短片
2022043436,数媒动漫与短片
2022033586,数媒动漫与短片
2022030489,数媒动漫与短片
2022030116,数媒动漫与短片
2022033817,数媒动漫与短片
2022040329,数媒动漫与短片
2022043977,数媒动漫与短片
2022046466,数媒动漫与短片
2022041206,数媒动漫与短片专业组
2022026898,数媒动漫与短片专业组
2022018871,数媒动漫与短片专业组
2022021073,数媒动漫与短片专业组
2022020668,数媒动漫与短片专业组
2022033535,数媒动漫与短片专业组
2022022176,数媒动漫与短片专业组
2022042499,数媒动漫与短片专业组
2022040832,数媒动漫与短片专业组
2022040442,数媒动漫与短片专业组
2022037619,数媒动漫与短片专业组
2022024836,数媒动漫与短片专业组
2022039588,数媒动漫与短片专业组
2022037493,数媒动漫与短片专业组
2022042621,数媒动漫与短片专业组
2022037563,数媒动漫与短片专业组
2022042875,数媒动漫与短片专业组
2022037632,数媒动漫与短片专业组
2022034866,数媒动漫与短片专业组
2022043119,数媒动漫与短片专业组
2022013231,数媒动漫与短片专业组
2022039903,数媒动漫与短片专业组
2022011149,数媒动漫与短片专业组
2022035180,数媒动漫与短片专业组
2022037657,数媒动漫与短片专业组
2022037397,数媒动漫与短片专业组
2022020303,数媒动漫与短片专业组
2022043344,数媒动漫与短片专业组
2022032273,数媒动漫与短片专业组
2022047165,数媒动漫与短片专业组
2022029051,数媒动漫与短片专业组
2022022694,数媒动漫与短片专业组
2022040065,数媒动漫与短片专业组
2022043408,数媒动漫与短片专业组
2022034909,数媒动漫与短片专业组
2022042845,数媒动漫与短片专业组
2022010087,数媒动漫与短片专业组
2022042900,数媒动漫与短片专业组
2022043388,数媒动漫与短片专业组
2022044089,数媒动漫与短片专业组
2022037473,数媒动漫与短片专业组
2022035218,数媒动漫与短片专业组
2022037365,数媒动漫与短片专业组
2022043106,数媒动漫与短片专业组
2022042789,数媒动漫与短片专业组
2022032429,数媒静态设计
2022004187,数媒静态设计
2022008666,数媒静态设计
2022015527,数媒静态设计
2022011629,数媒静态设计
2022037503,数媒静态设计
2022022036,数媒静态设计
2022009981,数媒静态设计
2022012262,数媒静态设计
2022025132,数媒静态设计
2022011260,数媒静态设计
2022007482,数媒静态设计
2022036606,数媒静态设计
2022036834,数媒静态设计
2022043289,数媒静态设计
2022032348,数媒静态设计
2022043461,数媒静态设计
2022012326,数媒静态设计
2022027634,数媒静态设计
2022020190,数媒静态设计
2022021797,数媒静态设计
2022043386,数媒静态设计
2022007610,数媒静态设计
2022020103,数媒静态设计
2022014966,数媒静态设计
2022043376,数媒静态设计
2022043656,数媒静态设计
2022012733,数媒静态设计
2022022329,数媒静态设计
2022044020,数媒静态设计
2022043414,数媒静态设计
2022012192,数媒静态设计
2022029954,数媒静态设计
2022035280,数媒静态设计
2022047516,数媒静态设计
2022010540,数媒静态设计
2022044562,数媒静态设计
2022019718,数媒静态设计
2022046494,数媒静态设计
2022043378,数媒静态设计
2022023495,数媒静态设计
2022043488,数媒静态设计
2022030928,数媒静态设计
2022007629,数媒静态设计
2022009905,数媒静态设计
2022014581,数媒静态设计
2022007630,数媒静态设计
2022040168,数媒静态设计
2022035133,数媒静态设计专业组
2022020468,数媒静态设计专业组
2022021374,数媒静态设计专业组
2022037427,数媒静态设计专业组
2022043983,数媒静态设计专业组
2022042774,数媒静态设计专业组
2022046596,数媒静态设计专业组
2022013248,数媒静态设计专业组
2022037936,数媒静态设计专业组
2022021076,数媒静态设计专业组
2022047312,数媒静态设计专业组
2022043967,数媒静态设计专业组
2022044338,数媒静态设计专业组
2022043170,数媒静态设计专业组
2022038331,数媒静态设计专业组
2022044842,数媒静态设计专业组
2022043913,数媒静态设计专业组
2022047543,数媒静态设计专业组
2022043412,数媒静态设计专业组
2022046590,数媒静态设计专业组
2022035399,数媒静态设计专业组
2022020603,数媒静态设计专业组
2022046139,数媒静态设计专业组
2022000333,数媒静态设计专业组
2022040294,数媒静态设计专业组
2022037249,数媒静态设计专业组
2022041475,数媒静态设计专业组
2022038259,数媒静态设计专业组
2022032565,数媒静态设计专业组
2022045774,数媒静态设计专业组
2022034171,数媒静态设计专业组
2022043515,数媒静态设计专业组
2022032909,数媒静态设计专业组
2022046555,数媒静态设计专业组
2022023010,数媒静态设计专业组
2022043864,数媒静态设计专业组
2022046552,数媒静态设计专业组
2022032154,数媒静态设计专业组
2022034732,数媒静态设计专业组
2022043497,数媒静态设计专业组
2022044208,数媒静态设计专业组
2022046525,数媒静态设计专业组
2022044234,数媒静态设计专业组
2022044072,数媒静态设计专业组
2022040454,数媒静态设计专业组
2022012738,数媒游戏与交互设计
2022008933,数媒游戏与交互设计
2022038817,数媒游戏与交互设计
2022036850,数媒游戏与交互设计
2022040869,数媒游戏与交互设计
2022043365,数媒游戏与交互设计
2022015610,数媒游戏与交互设计
2022008789,数媒游戏与交互设计
2022042985,数媒游戏与交互设计
2022006605,数媒游戏与交互设计
2022016013,数媒游戏与交互设计
2022000556,数媒游戏与交互设计
2022043985,数媒游戏与交互设计
2022025704,数媒游戏与交互设计
2022043787,数媒游戏与交互设计
2022029109,数媒游戏与交互设计
2022034679,数媒游戏与交互设计
2022008697,数媒游戏与交互设计
2022038981,数媒游戏与交互设计
2022024727,数媒游戏与交互设计
2022032316,数媒游戏与交互设计
2022010510,数媒游戏与交互设计
2022036272,数媒游戏与交互设计
2022008662,数媒游戏与交互设计
2022031211,数媒游戏与交互设计
2022012785,数媒游戏与交互设计
2022029040,数媒游戏与交互设计
2022032164,数媒游戏与交互设计
2022038778,数媒游戏与交互设计
2022003672,数媒游戏与交互设计
2022032853,数媒游戏与交互设计
2022038734,数媒游戏与交互设计专业组
2022000131,数媒游戏与交互设计专业组
2022038733,数媒游戏与交互设计专业组
2022016118,数媒游戏与交互设计专业组
2022020559,数媒游戏与交互设计专业组
2022032470,数媒游戏与交互设计专业组
2022030692,数媒游戏与交互设计专业组
2022024214,数媒游戏与交互设计专业组
2022037540,数媒游戏与交互设计专业组
2022037096,数媒游戏与交互设计专业组
2022043686,数媒游戏与交互设计专业组
2022024705,数媒游戏与交互设计专业组
2022005359,数媒游戏与交互设计专业组
2022030311,数媒游戏与交互设计专业组
2022004486,数媒游戏与交互设计专业组
2022009911,数媒游戏与交互设计专业组
2022043652,数媒游戏与交互设计专业组
2022013929,数媒游戏与交互设计专业组
2022025148,数媒游戏与交互设计专业组
2022018164,数媒游戏与交互设计专业组
2022042956,数媒游戏与交互设计专业组
2022026944,数媒游戏与交互设计专业组
2022037550,数媒游戏与交互设计专业组
2022010231,数媒游戏与交互设计专业组
2022016750,数媒游戏与交互设计专业组
2022043651,数媒游戏与交互设计专业组
2022042764,数媒游戏与交互设计专业组
2022043879,数媒游戏与交互设计专业组
2022005182,微课与教学辅助
2022008646,微课与教学辅助
2022013031,微课与教学辅助
2022007669,微课与教学辅助
2022013313,微课与教学辅助
2022005377,微课与教学辅助
2022009405,微课与教学辅助
2022043818,微课与教学辅助
2022028866,微课与教学辅助
2022027458,微课与教学辅助
2022023021,微课与教学辅助
2022042859,微课与教学辅助
2022042989,微课与教学辅助
2022043036,微课与教学辅助
2022008418,微课与教学辅助
2022036552,微课与教学辅助
2022042810,微课与教学辅助
2022011337,微课与教学辅助
2022030277,微课与教学辅助
2022007435,微课与教学辅助
2022009627,微课与教学辅助
2022032396,微课与教学辅助
2022029686,微课与教学辅助
2022042895,微课与教学辅助
2022005264,微课与教学辅助
2022035468,微课与教学辅助
2022016184,微课与教学辅助
2022043803,微课与教学辅助
2022043233,微课与教学辅助
2022030163,微课与教学辅助
2022024270,微课与教学辅助
2022006329,微课与教学辅助
2022043293,微课与教学辅助
2022042874,微课与教学辅助
2022031019,微课与教学辅助
2022044212,微课与教学辅助
2022032781,微课与教学辅助
2022035475,微课与教学辅助
2022009059,微课与教学辅助
2022015203,微课与教学辅助
2022043030,微课与教学辅助
2022004215,微课与教学辅助
2022009180,微课与教学辅助
2022043596,微课与教学辅助
2022037057,微课与教学辅助
2022043595,微课与教学辅助
2022015538,微课与教学辅助
2022043693,微课与教学辅助
2022043836,微课与教学辅助
2022043930,微课与教学辅助
2022043462,微课与教学辅助
2022038982,微课与教学辅助
2022012292,微课与教学辅助
2022044137,微课与教学辅助
2022044402,微课与教学辅助
2022043956,微课与教学辅助
2022032347,微课与教学辅助
2022045268,微课与教学辅助
2022029275,微课与教学辅助
2022044538,微课与教学辅助
2022023676,微课与教学辅助
2022025035,微课与教学辅助
2022043728,微课与教学辅助
2022043785,微课与教学辅助
2022014194,微课与教学辅助
2022037075,微课与教学辅助
2022043464,微课与教学辅助
2022012735,微课与教学辅助
2022035350,微课与教学辅助
2022038150,微课与教学辅助
2022016174,微课与教学辅助
2022043346,微课与教学辅助
2022009442,微课与教学辅助
2022013234,微课与教学辅助
2022011611,微课与教学辅助
2022041510,微课与教学辅助
2022042761,微课与教学辅助
2022011623,微课与教学辅助
2022026228,微课与教学辅助
2022010182,微课与教学辅助
2022043321,微课与教学辅助
2022037016,微课与教学辅助
2022043057,微课与教学辅助
2022009864,微课与教学辅助
2022043420,微课与教学辅助
2022013679,微课与教学辅助
2022023106,微课与教学辅助
2022043484,微课与教学辅助
2022029588,微课与教学辅助
2022030425,微课与教学辅助
2022009424,微课与教学辅助
2022004940,微课与教学辅助
2022035888,微课与教学辅助
2022044522,微课与教学辅助
2022042911,微课与教学辅助
2022043715,微课与教学辅助
2022007288,微课与教学辅助
2022043569,微课与教学辅助
2022031999,微课与教学辅助
2022014093,微课与教学辅助
2022028909,微课与教学辅助
2022042828,微课与教学辅助
2022032355,微课与教学辅助
2022014792,微课与教学辅助
2022005594,微课与教学辅助
2022007330,微课与教学辅助
2022028740,微课与教学辅助
2022045284,微课与教学辅助
2022029931,微课与教学辅助
2022043978,微课与教学辅助
2022043704,微课与教学辅助
2022043050,微课与教学辅助
2022022142,微课与教学辅助
2022043195,微课与教学辅助
2022009060,微课与教学辅助
2022010024,微课与教学辅助
2022032182,微课与教学辅助
2022016179,微课与教学辅助
2022004424,微课与教学辅助
2022038551,微课与教学辅助
2022043935,微课与教学辅助
2022010974,微课与教学辅助
2022043142,微课与教学辅助
2022043709,微课与教学辅助
2022023772,微课与教学辅助
2022041138,微课与教学辅助
2022041857,微课与教学辅助
2022044740,微课与教学辅助
2022045321,微课与教学辅助
2022013556,微课与教学辅助
2022013796,微课与教学辅助
2022029989,微课与教学辅助
2022032277,微课与教学辅助
2022031586,微课与教学辅助
2022035582,微课与教学辅助
2022043989,微课与教学辅助
2022037121,微课与教学辅助
2022009137,微课与教学辅助
2022038608,微课与教学辅助
2022037133,微课与教学辅助
2022014047,微课与教学辅助
2022015833,微课与教学辅助
2022032677,微课与教学辅助
2022014432,微课与教学辅助
2022032867,微课与教学辅助
2022010378,微课与教学辅助
2022008689,微课与教学辅助
2022043212,微课与教学辅助
2022043166,微课与教学辅助
2022012303,微课与教学辅助
2022032878,微课与教学辅助
2022035471,微课与教学辅助
2022042982,微课与教学辅助
2022010942,微课与教学辅助
2022038679,微课与教学辅助
2022043324,微课与教学辅助
2022012955,微课与教学辅助
2022043265,微课与教学辅助
2022015849,微课与教学辅助
2022015483,微课与教学辅助
2022042879,微课与教学辅助
2022014522,微课与教学辅助
2022030004,微课与教学辅助
2022013457,微课与教学辅助
2022043116,微课与教学辅助
2022007113,物联网应用
2022002450,物联网应用
2022012508,物联网应用
2022005214,物联网应用
2022010712,物联网应用
2022008446,物联网应用
2022036800,物联网应用
2022009807,物联网应用
2022007673,物联网应用
2022039437,物联网应用
2022041890,物联网应用
2022021682,物联网应用
2022015564,物联网应用
2022043102,物联网应用
2022000319,物联网应用
2022017281,物联网应用
2022013697,物联网应用
2022035541,物联网应用
2022005379,物联网应用
2022005017,物联网应用
2022002796,物联网应用
2022001737,物联网应用
2022006513,物联网应用
2022041881,物联网应用
2022009090,物联网应用
2022011245,物联网应用
2022042886,物联网应用
2022009611,物联网应用
2022009326,物联网应用
2022032039,物联网应用
2022022362,物联网应用
2022008931,物联网应用
2022046251,物联网应用
2022036797,信息可视化设计
2022036563,信息可视化设计
2022020557,信息可视化设计
2022010865,信息可视化设计
2022000450,信息可视化设计
2022034999,信息可视化设计
2022040517,信息可视化设计
2022021822,信息可视化设计
2022010097,信息可视化设计
2022009413,信息可视化设计
2022027325,信息可视化设计
2022002460,信息可视化设计
2022010595,信息可视化设计
2022000207,信息可视化设计
2022014358,信息可视化设计
2022042735,信息可视化设计
2022016265,信息可视化设计
2022034793,信息可视化设计
2022031069,信息可视化设计
2022043980,信息可视化设计
2022043882,信息可视化设计
2022009928,信息可视化设计
2022009020,信息可视化设计
2022011541,信息可视化设计
2022007295,信息可视化设计
2022007333,信息可视化设计
2022035834,信息可视化设计
2022041885,信息可视化设计
2022043547,信息可视化设计
2022045452,信息可视化设计
2022010215,信息可视化设计
2022042759,信息可视化设计
2022007978,信息可视化设计
2022042752,信息可视化设计
2022008847,信息可视化设计
2022014046,信息可视化设计
2022005262,信息可视化设计
2022042765,信息可视化设计
2022009224,信息可视化设计
2022042904,信息可视化设计
2022036896,信息可视化设计
2022012843,信息可视化设计
2022040757,信息可视化设计
2022010737,信息可视化设计
2022036658,信息可视化设计
2022005317,信息可视化设计
2022039883,信息可视化设计
2022042116,信息可视化设计
2022011095,信息可视化设计
2022043641,信息可视化设计
2022005650,信息可视化设计
2022043526,信息可视化设计
2022016153,信息可视化设计
2022009831,信息可视化设计
2022020475,信息可视化设计
2022038753,信息可视化设计
2022028197,信息可视化设计
2022035055,信息可视化设计
2022038854,信息可视化设计
2022013020,信息可视化设计
2022043814,信息可视化设计
2022044061,信息可视化设计
2022043127,信息可视化设计
2022043416,信息可视化设计
2022002186,信息可视化设计
2022007171,信息可视化设计
2022020766,信息可视化设计
2022033811,信息可视化设计
2022008993,信息可视化设计
2022035733,信息可视化设计
2022008815,信息可视化设计
2022032231,信息可视化设计
2022043855,信息可视化设计
2022042837,信息可视化设计
2022010001,信息可视化设计
2022028243,信息可视化设计
2022044003,信息可视化设计
2022042819,信息可视化设计
2022043781,信息可视化设计
2022004244,信息可视化设计
2022010612,信息可视化设计
2022017066,信息可视化设计
2022043865,信息可视化设计
2022042965,信息可视化设计
2022032570,信息可视化设计
2022043371,信息可视化设计
2022016664,信息可视化设计
2022037313,信息可视化设计
2022043750,信息可视化设计
2022020855,信息可视化设计
2022043343,信息可视化设计
2022014862,信息可视化设计
2022043984,信息可视化设计
2022006307,信息可视化设计
2022021883,信息可视化设计
2022041957,信息可视化设计
2022043919,信息可视化设计
2022046278,信息可视化设计
2022002831,信息可视化设计
2022009335,信息可视化设计
2022005392,信息可视化设计
2022037794,信息可视化设计
2022012748,信息可视化设计
2022043345,信息可视化设计
2022036229,信息可视化设计